Date,EUR/TND
01/01/2015,2.2592
02/01/2015,2.2509
05/01/2015,2.2477
06/01/2015,2.2397
07/01/2015,2.2347
08/01/2015,2.2328
09/01/2015,2.2394
12/01/2015,2.2389
13/01/2015,2.2328
14/01/2015,2.235
15/01/2015,2.2182
16/01/2015,2.2151
19/01/2015,2.22
20/01/2015,2.2126
21/01/2015,2.2201
22/01/2015,2.2143
23/01/2015,2.1901
26/01/2015,2.1849
27/01/2015,2.1957
28/01/2015,2.1891
29/01/2015,2.1926
30/01/2015,2.1843
02/02/2015,2.1897
03/02/2015,2.2055
04/02/2015,2.1914
05/02/2015,2.1945
06/02/2015,2.1875
09/02/2015,2.1876
10/02/2015,2.1888
11/02/2015,2.189
12/02/2015,2.1919
13/02/2015,2.1878
16/02/2015,2.1895
17/02/2015,2.1938
18/02/2015,2.1966
19/02/2015,2.1996
20/02/2015,2.1985
23/02/2015,2.1945
24/02/2015,2.1959
25/02/2015,2.1951
26/02/2015,2.1861
27/02/2015,2.1835
02/03/2015,2.1835
03/03/2015,2.1827
04/03/2015,2.17
05/03/2015,2.1669
06/03/2015,2.1502
09/03/2015,2.1447
10/03/2015,2.1293
11/03/2015,2.1114
12/03/2015,2.122
13/03/2015,2.0788
16/03/2015,2.0758
17/03/2015,2.0718
18/03/2015,2.1062
19/03/2015,2.0996
20/03/2015,2.1094
23/03/2015,2.1137
24/03/2015,2.1176
25/03/2015,2.1226
26/03/2015,2.1216
27/03/2015,2.1175
30/03/2015,2.1134
31/03/2015,2.1056
01/04/2015,2.1098
02/04/2015,2.1183
03/04/2015,2.1235
06/04/2015,2.1215
07/04/2015,2.115
08/04/2015,2.1108
09/04/2015,2.1035
10/04/2015,2.0979
13/04/2015,2.0954
14/04/2015,2.1
15/04/2015,2.1071
16/04/2015,2.1136
17/04/2015,2.1056
20/04/2015,2.105
21/04/2015,2.1035
22/04/2015,2.1022
23/04/2015,2.1087
24/04/2015,2.1147
27/04/2015,2.1159
28/04/2015,2.1238
29/04/2015,2.1355
30/04/2015,2.1445
01/05/2015,2.1457
04/05/2015,2.1396
05/05/2015,2.1424
06/05/2015,2.1561
07/05/2015,2.1546
08/05/2015,2.1579
11/05/2015,2.1534
12/05/2015,2.1594
13/05/2015,2.1717
14/05/2015,2.1798
15/05/2015,2.1826
18/05/2015,2.1751
19/05/2015,2.1639
20/05/2015,2.1621
21/05/2015,2.1633
22/05/2015,2.1581
25/05/2015,2.1532
26/05/2015,2.1469
27/05/2015,2.1496
28/05/2015,2.153
29/05/2015,2.1563
01/06/2015,2.1518
02/06/2015,2.1648
03/06/2015,2.1745
04/06/2015,2.1715
05/06/2015,2.1682
08/06/2015,2.1802
09/06/2015,2.1831
10/06/2015,2.1846
11/06/2015,2.1821
12/06/2015,2.1826
15/06/2015,2.1852
16/06/2015,2.1811
17/06/2015,2.1861
18/06/2015,2.1883
19/06/2015,2.1881
22/06/2015,2.1875
23/06/2015,2.1756
24/06/2015,2.1774
25/06/2015,2.1727
26/06/2015,2.1719
29/06/2015,2.1818
30/06/2015,2.1756
01/07/2015,2.1681
02/07/2015,2.1705
03/07/2015,2.1749
06/07/2015,2.1728
07/07/2015,2.1751
08/07/2015,2.1794
09/07/2015,2.1766
10/07/2015,2.1756
13/07/2015,2.165
14/07/2015,2.1615
15/07/2015,2.157
16/07/2015,2.1526
17/07/2015,2.1491
20/07/2015,2.1493
21/07/2015,2.1585
22/07/2015,2.1575
23/07/2015,2.1577
24/07/2015,2.1629
27/07/2015,2.1685
28/07/2015,2.1652
29/07/2015,2.164
30/07/2015,2.16
31/07/2015,2.1626
03/08/2015,2.1611
04/08/2015,2.1608
05/08/2015,2.1587
06/08/2015,2.1577
07/08/2015,2.1566
10/08/2015,2.1593
11/08/2015,2.1643
12/08/2015,2.1757
13/08/2015,2.1751
14/08/2015,2.1719
17/08/2015,2.1698
18/08/2015,2.1651
19/08/2015,2.1702
20/08/2015,2.1834
21/08/2015,2.1971
24/08/2015,2.2081
25/08/2015,2.2181
26/08/2015,2.2178
27/08/2015,2.206
28/08/2015,2.1911
31/08/2015,2.1928
01/09/2015,2.1983
02/09/2015,2.1905
03/09/2015,2.1866
04/09/2015,2.1945
07/09/2015,2.1956
08/09/2015,2.1963
09/09/2015,2.196
10/09/2015,2.2038
11/09/2015,2.2096
14/09/2015,2.2073
15/09/2015,2.2049
16/09/2015,2.2051
17/09/2015,2.2129
18/09/2015,2.2102
21/09/2015,2.1997
22/09/2015,2.1971
23/09/2015,2.1998
24/09/2015,2.2013
25/09/2015,2.2013
28/09/2015,2.2056
29/09/2015,2.2055
30/09/2015,2.1999
01/10/2015,2.2024
02/10/2015,2.2031
05/10/2015,2.2024
06/10/2015,2.2079
07/10/2015,2.2044
08/10/2015,2.2071
09/10/2015,2.2155
12/10/2015,2.2187
13/10/2015,2.2234
14/10/2015,2.2286
15/10/2015,2.2211
16/10/2015,2.2222
19/10/2015,2.2176
20/10/2015,2.2191
21/10/2015,2.2181
22/10/2015,2.2051
23/10/2015,2.2016
26/10/2015,2.2008
27/10/2015,2.198
28/10/2015,2.1941
29/10/2015,2.1954
30/10/2015,2.1974
02/11/2015,2.2014
03/11/2015,2.1961
04/11/2015,2.1889
05/11/2015,2.1876
06/11/2015,2.1751
09/11/2015,2.1721
10/11/2015,2.1738
11/11/2015,2.1755
12/11/2015,2.1837
13/11/2015,2.1868
16/11/2015,2.182
17/11/2015,2.1812
18/11/2015,2.1834
19/11/2015,2.1854
20/11/2015,2.1795
23/11/2015,2.1843
24/11/2015,2.1902
25/11/2015,2.1852
26/11/2015,2.1943
27/11/2015,2.184
30/11/2015,2.1879
01/12/2015,2.1887
02/12/2015,2.1873
03/12/2015,2.2043
04/12/2015,2.2033
07/12/2015,2.1979
08/12/2015,2.2038
09/12/2015,2.2089
10/12/2015,2.2064
11/12/2015,2.2117
14/12/2015,2.2168
15/12/2015,2.2132
16/12/2015,2.213
17/12/2015,2.2074
18/12/2015,2.2068
21/12/2015,2.2143
22/12/2015,2.2199
23/12/2015,2.2196
24/12/2015,2.2228
25/12/2015,2.224
28/12/2015,2.2238
29/12/2015,2.2138
30/12/2015,2.2171
31/12/2015,2.2085
01/01/2016,2.2163
04/01/2016,2.214
05/01/2016,2.2079
06/01/2016,2.2116
07/01/2016,2.2255
08/01/2016,2.225
11/01/2016,2.2186
12/01/2016,2.2196
13/01/2016,2.2202
14/01/2016,2.2195
15/01/2016,2.2224
18/01/2016,2.2219
19/01/2016,2.2245
20/01/2016,2.2231
21/01/2016,2.2191
22/01/2016,2.2187
25/01/2016,2.2199
26/01/2016,2.2213
27/01/2016,2.2226
28/01/2016,2.2276
29/01/2016,2.219
01/02/2016,2.2226
02/02/2016,2.2259
03/02/2016,2.2357
04/02/2016,2.2508
05/02/2016,2.2539
08/02/2016,2.256
09/02/2016,2.2607
10/02/2016,2.2603
11/02/2016,2.2649
12/02/2016,2.2581
15/02/2016,2.2515
16/02/2016,2.2494
17/02/2016,2.2476
18/02/2016,2.2476
19/02/2016,2.2499
22/02/2016,2.2441
23/02/2016,2.2443
24/02/2016,2.2378
25/02/2016,2.2393
26/02/2016,2.2381
29/02/2016,2.2282
01/03/2016,2.2282
02/03/2016,2.2288
03/03/2016,2.2371
04/03/2016,2.2434
07/03/2016,2.2409
08/03/2016,2.24
09/03/2016,2.2376
10/03/2016,2.2519
11/03/2016,2.2532
14/03/2016,2.2468
15/03/2016,2.2422
16/03/2016,2.2534
17/03/2016,2.2642
18/03/2016,2.2626
21/03/2016,2.2635
22/03/2016,2.2654
23/03/2016,2.2597
24/03/2016,2.2663
25/03/2016,2.2607
28/03/2016,2.2721
29/03/2016,2.278
30/03/2016,2.2828
31/03/2016,2.2947
01/04/2016,2.2885
04/04/2016,2.2845
05/04/2016,2.284
06/04/2016,2.2866
07/04/2016,2.2938
08/04/2016,2.3013
11/04/2016,2.2828
12/04/2016,2.279
13/04/2016,2.2704
14/04/2016,2.2734
15/04/2016,2.2733
18/04/2016,2.2745
19/04/2016,2.2784
20/04/2016,2.2783
21/04/2016,2.2783
22/04/2016,2.2752
25/04/2016,2.2768
26/04/2016,2.2785
27/04/2016,2.2831
28/04/2016,2.2857
29/04/2016,2.2952
02/05/2016,2.2994
03/05/2016,2.2998
04/05/2016,2.2998
05/05/2016,2.2939
06/05/2016,2.2987
09/05/2016,2.3
10/05/2016,2.2997
11/05/2016,2.3061
12/05/2016,2.3201
13/05/2016,2.3205
16/05/2016,2.3323
17/05/2016,2.3299
18/05/2016,2.32
19/05/2016,2.325
20/05/2016,2.3282
23/05/2016,2.325
24/05/2016,2.3221
25/05/2016,2.3286
26/05/2016,2.3388
27/05/2016,2.3366
30/05/2016,2.3431
31/05/2016,2.3646
01/06/2016,2.3702
02/06/2016,2.3933
03/06/2016,2.4158
06/06/2016,2.415
07/06/2016,2.4243
08/06/2016,2.4196
09/06/2016,2.4562
10/06/2016,2.4531
13/06/2016,2.4273
14/06/2016,2.4306
15/06/2016,2.4554
16/06/2016,2.4426
17/06/2016,2.4204
20/06/2016,2.4187
21/06/2016,2.4147
22/06/2016,2.4383
23/06/2016,2.4548
24/06/2016,2.4546
27/06/2016,2.4559
28/06/2016,2.4648
29/06/2016,2.4703
30/06/2016,2.468
01/07/2016,2.4387
04/07/2016,2.4431
05/07/2016,2.4387
06/07/2016,2.4415
07/07/2016,2.438
08/07/2016,2.4444
11/07/2016,2.4424
12/07/2016,2.4356
13/07/2016,2.4429
14/07/2016,2.4476
15/07/2016,2.45
18/07/2016,2.4543
19/07/2016,2.4515
20/07/2016,2.456
21/07/2016,2.4553
22/07/2016,2.4589
25/07/2016,2.4658
26/07/2016,2.4518
27/07/2016,2.4654
28/07/2016,2.4676
29/07/2016,2.4708
01/08/2016,2.4678
02/08/2016,2.4744
03/08/2016,2.4589
04/08/2016,2.4637
05/08/2016,2.4578
08/08/2016,2.4584
09/08/2016,2.46
10/08/2016,2.4644
11/08/2016,2.4641
12/08/2016,2.4665
15/08/2016,2.4668
16/08/2016,2.4714
17/08/2016,2.4723
18/08/2016,2.4755
19/08/2016,2.4749
22/08/2016,2.4738
23/08/2016,2.4762
24/08/2016,2.4725
25/08/2016,2.4712
26/08/2016,2.4728
29/08/2016,2.4674
30/08/2016,2.465
31/08/2016,2.4661
01/09/2016,2.4676
02/09/2016,2.4645
05/09/2016,2.4656
06/09/2016,2.4713
07/09/2016,2.4711
08/09/2016,2.4743
09/09/2016,2.4726
12/09/2016,2.4734
13/09/2016,2.4724
14/09/2016,2.4717
15/09/2016,2.4728
16/09/2016,2.4697
19/09/2016,2.468
20/09/2016,2.4656
21/09/2016,2.4689
22/09/2016,2.474
23/09/2016,2.4772
26/09/2016,2.4738
27/09/2016,2.4721
28/09/2016,2.4728
29/09/2016,2.4736
30/09/2016,2.4755
03/10/2016,2.4723
04/10/2016,2.4733
05/10/2016,2.473
06/10/2016,2.4704
07/10/2016,2.4729
10/10/2016,2.4724
11/10/2016,2.4685
12/10/2016,2.464
13/10/2016,2.4673
14/10/2016,2.4615
17/10/2016,2.4672
18/10/2016,2.4662
19/10/2016,2.4664
20/10/2016,2.4645
21/10/2016,2.4637
24/10/2016,2.4639
25/10/2016,2.464
26/10/2016,2.4635
27/10/2016,2.4665
28/10/2016,2.4732
31/10/2016,2.4712
01/11/2016,2.474
02/11/2016,2.4771
03/11/2016,2.4797
04/11/2016,2.4828
07/11/2016,2.4742
08/11/2016,2.476
09/11/2016,2.4669
10/11/2016,2.4683
11/11/2016,2.4715
14/11/2016,2.4638
15/11/2016,2.45
16/11/2016,2.4575
17/11/2016,2.4381
18/11/2016,2.4283
21/11/2016,2.4308
22/11/2016,2.4544
23/11/2016,2.4304
24/11/2016,2.4312
25/11/2016,2.4339
28/11/2016,2.4313
29/11/2016,2.4381
30/11/2016,2.4347
01/12/2016,2.4383
02/12/2016,2.4366
05/12/2016,2.4648
06/12/2016,2.442
07/12/2016,2.4457
08/12/2016,2.4342
09/12/2016,2.4449
12/12/2016,2.4501
13/12/2016,2.4384
14/12/2016,2.4307
15/12/2016,2.4206
16/12/2016,2.4391
19/12/2016,2.411
20/12/2016,2.4112
21/12/2016,2.4329
22/12/2016,2.4366
23/12/2016,2.4194
26/12/2016,2.442
27/12/2016,2.4484
28/12/2016,2.4162
29/12/2016,2.4218
30/12/2016,2.4236
02/01/2017,2.4568
03/01/2017,2.449
04/01/2017,2.4585
05/01/2017,2.4301
06/01/2017,2.435
09/01/2017,2.468
10/01/2017,2.4371
11/01/2017,2.4388
12/01/2017,2.4509
13/01/2017,2.4732
16/01/2017,2.4682
17/01/2017,2.4735
18/01/2017,2.4648
19/01/2017,2.4705
20/01/2017,2.4846
23/01/2017,2.4751
24/01/2017,2.4743
25/01/2017,2.4768
26/01/2017,2.4483
27/01/2017,2.4763
30/01/2017,2.4717
31/01/2017,2.4825
01/02/2017,2.4657
02/02/2017,2.454
03/02/2017,2.4622
06/02/2017,2.4509
07/02/2017,2.4385
08/02/2017,2.4339
09/02/2017,2.4305
10/02/2017,2.4321
13/02/2017,2.4219
14/02/2017,2.4214
15/02/2017,2.4228
16/02/2017,2.4287
17/02/2017,2.4243
20/02/2017,2.4237
21/02/2017,2.4174
22/02/2017,2.4236
23/02/2017,2.4309
24/02/2017,2.418
27/02/2017,2.4241
28/02/2017,2.4205
01/03/2017,2.4209
02/03/2017,2.4184
03/03/2017,2.4437
06/03/2017,2.4381
07/03/2017,2.4244
08/03/2017,2.4229
09/03/2017,2.4231
10/03/2017,2.4498
13/03/2017,2.4327
14/03/2017,2.4291
15/03/2017,2.4371
16/03/2017,2.4388
17/03/2017,2.4727
20/03/2017,2.4736
21/03/2017,2.475
22/03/2017,2.4758
23/03/2017,2.4311
24/03/2017,2.4383
27/03/2017,2.4889
28/03/2017,2.447
29/03/2017,2.443
30/03/2017,2.4355
31/03/2017,2.4317
03/04/2017,2.4335
04/04/2017,2.4343
05/04/2017,2.4327
06/04/2017,2.4897
07/04/2017,2.4297
10/04/2017,2.4811
11/04/2017,2.4372
12/04/2017,2.4486
13/04/2017,2.4423
14/04/2017,2.4446
17/04/2017,2.5396
18/04/2017,2.5477
19/04/2017,2.5557
20/04/2017,2.5805
21/04/2017,2.5879
24/04/2017,2.6298
25/04/2017,2.6153
26/04/2017,2.7086
27/04/2017,2.7009
28/04/2017,2.6992
01/05/2017,2.7103
02/05/2017,2.7181
03/05/2017,2.6525
04/05/2017,2.6835
05/05/2017,2.7112
08/05/2017,2.696
09/05/2017,2.6784
10/05/2017,2.6347
11/05/2017,2.6787
12/05/2017,2.6376
15/05/2017,2.7156
16/05/2017,2.7598
17/05/2017,2.7624
18/05/2017,2.7715
19/05/2017,2.7077
22/05/2017,2.7831
23/05/2017,2.7892
24/05/2017,2.7221
25/05/2017,2.7223
26/05/2017,2.7178
29/05/2017,2.7482
30/05/2017,2.7652
31/05/2017,2.8041
01/06/2017,2.7636
02/06/2017,2.7658
05/06/2017,2.7706
06/06/2017,2.8204
07/06/2017,2.8196
08/06/2017,2.7671
09/06/2017,2.7405
12/06/2017,2.7497
13/06/2017,2.7504
14/06/2017,2.7505
15/06/2017,2.7451
16/06/2017,2.7998
19/06/2017,2.7996
20/06/2017,2.7997
21/06/2017,2.7513
22/06/2017,2.7877
23/06/2017,2.7528
26/06/2017,2.7815
27/06/2017,2.7869
28/06/2017,2.7569
29/06/2017,2.839
30/06/2017,2.8098
03/07/2017,2.8069
04/07/2017,2.8107
05/07/2017,2.8334
06/07/2017,2.7814
07/07/2017,2.7672
10/07/2017,2.8045
11/07/2017,2.785
12/07/2017,2.8064
13/07/2017,2.809
14/07/2017,2.7847
17/07/2017,2.8344
18/07/2017,2.858
19/07/2017,2.8523
20/07/2017,2.8641
21/07/2017,2.869
24/07/2017,2.859
25/07/2017,2.8731
26/07/2017,2.8729
27/07/2017,2.8653
28/07/2017,2.8694
31/07/2017,2.8459
01/08/2017,2.8327
02/08/2017,2.8593
03/08/2017,2.8395
04/08/2017,2.8335
07/08/2017,2.8321
08/08/2017,2.8287
09/08/2017,2.8314
10/08/2017,2.8311
11/08/2017,2.8266
14/08/2017,2.8923
15/08/2017,2.8273
16/08/2017,2.8274
17/08/2017,2.9169
18/08/2017,2.8222
21/08/2017,2.8823
22/08/2017,2.8395
23/08/2017,2.845
24/08/2017,2.9266
25/08/2017,2.8958
28/08/2017,2.9277
29/08/2017,2.9275
30/08/2017,2.9215
31/08/2017,2.9242
01/09/2017,2.9173
04/09/2017,2.9267
05/09/2017,2.9345
06/09/2017,2.9088
07/09/2017,2.9317
08/09/2017,2.9398
11/09/2017,2.9349
12/09/2017,2.9237
13/09/2017,2.912
14/09/2017,2.9086
15/09/2017,2.9161
18/09/2017,2.9196
19/09/2017,2.9213
20/09/2017,2.8851
21/09/2017,2.9294
22/09/2017,2.9353
25/09/2017,2.9136
26/09/2017,2.9355
27/09/2017,2.9059
28/09/2017,2.9085
29/09/2017,2.91
02/10/2017,2.9063
03/10/2017,2.9092
04/10/2017,2.9129
05/10/2017,2.9142
06/10/2017,2.9291
09/10/2017,2.9156
10/10/2017,2.9388
11/10/2017,2.9214
12/10/2017,2.9447
13/10/2017,2.9196
16/10/2017,2.9145
17/10/2017,2.9378
18/10/2017,2.9163
19/10/2017,2.945
20/10/2017,2.9269
23/10/2017,2.9358
24/10/2017,2.9142
25/10/2017,2.9328
26/10/2017,2.9077
27/10/2017,2.9249
30/10/2017,2.9276
31/10/2017,2.9361
01/11/2017,2.9397
02/11/2017,2.9347
03/11/2017,2.9299
06/11/2017,2.9297
07/11/2017,2.9236
08/11/2017,2.9317
09/11/2017,2.9354
10/11/2017,2.935
13/11/2017,2.9408
14/11/2017,2.9546
15/11/2017,2.9687
16/11/2017,2.9651
17/11/2017,2.953
20/11/2017,2.9484
21/11/2017,2.9595
22/11/2017,2.9827
23/11/2017,2.9569
24/11/2017,2.9831
27/11/2017,2.9883
28/11/2017,2.935
29/11/2017,3.006
30/11/2017,2.9896
01/12/2017,3.0057
04/12/2017,3.0036
05/12/2017,2.9998
06/12/2017,2.9934
07/12/2017,2.9945
08/12/2017,2.9674
11/12/2017,2.9644
12/12/2017,2.9625
13/12/2017,2.9815
14/12/2017,2.9806
15/12/2017,2.9662
18/12/2017,2.9663
19/12/2017,2.9769
20/12/2017,2.9771
21/12/2017,2.9773
22/12/2017,2.9774
25/12/2017,2.9435
26/12/2017,2.9677
27/12/2017,2.9997
28/12/2017,3.0049
29/12/2017,2.9492
01/01/2018,2.9668
02/01/2018,3.0222
03/01/2018,3.0012
04/01/2018,3.0514
05/01/2018,2.9512
08/01/2018,2.9981
09/01/2018,3.0246
10/01/2018,2.9997
11/01/2018,3.0175
12/01/2018,3.0426
15/01/2018,3.0193
16/01/2018,3.0288
17/01/2018,3.0222
18/01/2018,2.9842
19/01/2018,2.9654
22/01/2018,3.0084
23/01/2018,2.996
24/01/2018,3.0133
25/01/2018,3
26/01/2018,2.9958
29/01/2018,2.9593
30/01/2018,2.9783
31/01/2018,3.0044
01/02/2018,3.0111
02/02/2018,2.9982
05/02/2018,2.9725
06/02/2018,2.9716
07/02/2018,2.9653
08/02/2018,2.9868
09/02/2018,2.962
12/02/2018,2.9659
13/02/2018,2.945
14/02/2018,3.0048
15/02/2018,3.0072
16/02/2018,3.0024
19/02/2018,2.956
20/02/2018,2.9407
21/02/2018,2.9362
22/02/2018,2.9658
23/02/2018,2.9902
26/02/2018,2.9667
27/02/2018,2.9398
28/02/2018,2.9516
01/03/2018,2.9637
02/03/2018,3.0012
05/03/2018,2.9976
06/03/2018,2.965
07/03/2018,2.9897
08/03/2018,2.9693
09/03/2018,2.9916
12/03/2018,2.9747
13/03/2018,2.9943
14/03/2018,3.0039
15/03/2018,2.9968
16/03/2018,3.0226
19/03/2018,2.99
20/03/2018,3.0305
21/03/2018,3.0209
22/03/2018,3.025
23/03/2018,2.9538
26/03/2018,3.029
27/03/2018,3.0111
28/03/2018,2.9453
29/03/2018,2.9723
30/03/2018,2.9534
02/04/2018,2.9898
03/04/2018,2.958
04/04/2018,2.9905
05/04/2018,2.9443
06/04/2018,2.9456
09/04/2018,3.0009
10/04/2018,3.0121
11/04/2018,2.9586
12/04/2018,2.9982
13/04/2018,2.9511
16/04/2018,3.0304
17/04/2018,2.9514
18/04/2018,2.9538
19/04/2018,2.9532
20/04/2018,2.9649
23/04/2018,2.963
24/04/2018,2.9578
25/04/2018,2.953
26/04/2018,2.9522
27/04/2018,2.9616
30/04/2018,2.9993
01/05/2018,2.9473
02/05/2018,2.9439
03/05/2018,3.0053
04/05/2018,2.9477
07/05/2018,3.0465
08/05/2018,2.9642
09/05/2018,2.9638
10/05/2018,2.9699
11/05/2018,2.9839
14/05/2018,2.9889
15/05/2018,2.9712
16/05/2018,2.9711
17/05/2018,2.9694
18/05/2018,2.9683
21/05/2018,2.9766
22/05/2018,2.9851
23/05/2018,2.9704
24/05/2018,2.9733
25/05/2018,2.9735
28/05/2018,2.9756
29/05/2018,2.9794
30/05/2018,3.0073
31/05/2018,3.0009
01/06/2018,2.9957
04/06/2018,2.9941
05/06/2018,3.0093
06/06/2018,3.018
07/06/2018,3.0158
08/06/2018,3.0119
11/06/2018,3.0162
12/06/2018,3.0246
13/06/2018,3.0237
14/06/2018,3.0089
15/06/2018,3.0195
18/06/2018,3.0248
19/06/2018,3.0228
20/06/2018,3.0161
21/06/2018,3.0175
22/06/2018,3.0277
25/06/2018,3.0618
26/06/2018,3.0344
27/06/2018,3.0265
28/06/2018,3.029
29/06/2018,3.054
02/07/2018,3.0604
03/07/2018,3.0684
04/07/2018,3.0547
05/07/2018,3.0618
06/07/2018,3.0659
09/07/2018,3.0688
10/07/2018,3.0712
11/07/2018,3.0651
12/07/2018,3.0705
13/07/2018,3.0809
16/07/2018,3.0777
17/07/2018,3.0816
18/07/2018,3.0807
19/07/2018,3.0825
20/07/2018,3.0869
23/07/2018,3.0888
24/07/2018,3.0872
25/07/2018,3.0906
26/07/2018,3.0858
27/07/2018,3.0872
30/07/2018,3.1431
31/07/2018,3.1397
01/08/2018,3.144
02/08/2018,3.1376
03/08/2018,3.1396
06/08/2018,3.14
07/08/2018,3.1561
08/08/2018,3.1544
09/08/2018,3.1578
10/08/2018,3.1478
13/08/2018,3.1557
14/08/2018,3.1546
15/08/2018,3.149
16/08/2018,3.1524
17/08/2018,3.1578
20/08/2018,3.1583
21/08/2018,3.1661
22/08/2018,3.1692
23/08/2018,3.184
24/08/2018,3.196
27/08/2018,3.2011
28/08/2018,3.2045
29/08/2018,3.2086
30/08/2018,3.2051
31/08/2018,3.2024
03/09/2018,3.2129
04/09/2018,3.2074
05/09/2018,3.2169
06/09/2018,3.2158
07/09/2018,3.2187
10/09/2018,3.2252
11/09/2018,3.2745
12/09/2018,3.2254
13/09/2018,3.2339
14/09/2018,3.2391
17/09/2018,3.2447
18/09/2018,3.2394
19/09/2018,3.2437
20/09/2018,3.2529
21/09/2018,3.2568
24/09/2018,3.2582
25/09/2018,3.2682
26/09/2018,3.3172
27/09/2018,3.2643
28/09/2018,3.3004
01/10/2018,3.2477
02/10/2018,3.2454
03/10/2018,3.2394
04/10/2018,3.2411
05/10/2018,3.24
08/10/2018,3.2446
09/10/2018,3.2542
10/10/2018,3.259
11/10/2018,3.2692
12/10/2018,3.2758
15/10/2018,3.2709
16/10/2018,3.2695
17/10/2018,3.2632
18/10/2018,3.2654
19/10/2018,3.2654
22/10/2018,3.2697
23/10/2018,3.2685
24/10/2018,3.2549
25/10/2018,3.2455
26/10/2018,3.2653
29/10/2018,3.3451
30/10/2018,3.3031
31/10/2018,3.2944
01/11/2018,3.2644
02/11/2018,3.2559
05/11/2018,3.2874
06/11/2018,3.3756
07/11/2018,3.3701
08/11/2018,3.3801
09/11/2018,3.3015
12/11/2018,3.2808
13/11/2018,3.4052
14/11/2018,3.4193
15/11/2018,3.4394
16/11/2018,3.3943
19/11/2018,3.4837
20/11/2018,3.496
21/11/2018,3.4986
22/11/2018,3.3196
23/11/2018,3.3196
26/11/2018,3.4979
27/11/2018,3.4978
28/11/2018,3.3445
29/11/2018,3.3574
30/11/2018,3.3354
03/12/2018,3.4977
04/12/2018,3.5157
05/12/2018,3.4607
06/12/2018,3.3638
07/12/2018,3.3702
10/12/2018,3.3669
11/12/2018,3.3611
12/12/2018,3.3721
13/12/2018,3.3675
14/12/2018,3.3759
17/12/2018,3.4525
18/12/2018,3.4528
19/12/2018,3.3876
20/12/2018,3.4086
21/12/2018,3.3987
24/12/2018,3.4642
25/12/2018,3.4752
26/12/2018,3.4109
27/12/2018,3.4219
28/12/2018,3.4252
31/12/2018,3.4928
01/01/2019,3.4417
02/01/2019,3.466
03/01/2019,3.4364
04/01/2019,3.4439
07/01/2019,3.4622
08/01/2019,3.4454
09/01/2019,3.4756
10/01/2019,3.4626
11/01/2019,3.4433
14/01/2019,3.5061
15/01/2019,3.4986
16/01/2019,3.4915
17/01/2019,3.4421
18/01/2019,3.4374
21/01/2019,3.4858
22/01/2019,3.4462
23/01/2019,3.4534
24/01/2019,3.5162
25/01/2019,3.4717
28/01/2019,3.572
29/01/2019,3.5298
30/01/2019,3.4722
31/01/2019,3.4598
01/02/2019,3.4692
04/02/2019,3.5682
05/02/2019,3.5402
06/02/2019,3.4628
07/02/2019,3.4601
08/02/2019,3.458
11/02/2019,3.5362
12/02/2019,3.464
13/02/2019,3.4541
14/02/2019,3.4605
15/02/2019,3.4609
18/02/2019,3.5325
19/02/2019,3.5477
20/02/2019,3.4573
21/02/2019,3.457
22/02/2019,3.4492
25/02/2019,3.515
26/02/2019,3.511
27/02/2019,3.4437
28/02/2019,3.4462
01/03/2019,3.4369
04/03/2019,3.4781
05/03/2019,3.4119
06/03/2019,3.4159
07/03/2019,3.3813
08/03/2019,3.4108
11/03/2019,3.4513
12/03/2019,3.408
13/03/2019,3.4171
14/03/2019,3.4019
15/03/2019,3.4045
18/03/2019,3.4514
19/03/2019,3.4529
20/03/2019,3.4234
21/03/2019,3.4578
22/03/2019,3.3782
25/03/2019,3.3928
26/03/2019,3.3882
27/03/2019,3.3727
28/03/2019,3.3748
29/03/2019,3.3772
01/04/2019,3.3777
02/04/2019,3.4003
03/04/2019,3.3797
04/04/2019,3.3803
05/04/2019,3.3877
08/04/2019,3.426
09/04/2019,3.4207
10/04/2019,3.4372
11/04/2019,3.4133
12/04/2019,3.3917
15/04/2019,3.4331
16/04/2019,3.3796
17/04/2019,3.3819
18/04/2019,3.3579
19/04/2019,3.3754
22/04/2019,3.3771
23/04/2019,3.378
24/04/2019,3.3778
25/04/2019,3.383
26/04/2019,3.3749
29/04/2019,3.3444
30/04/2019,3.3491
01/05/2019,3.3345
02/05/2019,3.3284
03/05/2019,3.3517
06/05/2019,3.3571
07/05/2019,3.3554
08/05/2019,3.3552
09/05/2019,3.3791
10/05/2019,3.3634
13/05/2019,3.3469
14/05/2019,3.3399
15/05/2019,3.3394
16/05/2019,3.3309
17/05/2019,3.3264
20/05/2019,3.3262
21/05/2019,3.3476
22/05/2019,3.3433
23/05/2019,3.3433
24/05/2019,3.3444
27/05/2019,3.3523
28/05/2019,3.3407
29/05/2019,3.3381
30/05/2019,3.3384
31/05/2019,3.339
03/06/2019,3.3598
04/06/2019,3.3629
05/06/2019,3.3651
06/06/2019,3.3503
07/06/2019,3.3565
10/06/2019,3.3433
11/06/2019,3.3408
12/06/2019,3.3296
13/06/2019,3.3669
14/06/2019,3.3242
17/06/2019,3.3259
18/06/2019,3.3198
19/06/2019,3.3176
20/06/2019,3.3015
21/06/2019,3.3323
24/06/2019,3.2874
25/06/2019,3.2499
26/06/2019,3.2401
27/06/2019,3.2134
28/06/2019,3.2703
01/07/2019,3.2427
02/07/2019,3.2399
03/07/2019,3.242
04/07/2019,3.2223
05/07/2019,3.2478
08/07/2019,3.2196
09/07/2019,3.2465
10/07/2019,3.2256
11/07/2019,3.2127
12/07/2019,3.2525
15/07/2019,3.2195
16/07/2019,3.2025
17/07/2019,3.1989
18/07/2019,3.2195
19/07/2019,3.2243
22/07/2019,3.196
23/07/2019,3.1899
24/07/2019,3.1936
25/07/2019,3.1995
26/07/2019,3.1593
29/07/2019,3.1971
30/07/2019,3.209
31/07/2019,3.1706
01/08/2019,3.2083
02/08/2019,3.2085
05/08/2019,3.1849
06/08/2019,3.185
07/08/2019,3.1781
08/08/2019,3.1743
09/08/2019,3.2011
12/08/2019,3.217
13/08/2019,3.1652
14/08/2019,3.1694
15/08/2019,3.1721
16/08/2019,3.1711
19/08/2019,3.1816
20/08/2019,3.1694
21/08/2019,3.1437
22/08/2019,3.183
23/08/2019,3.1755
26/08/2019,3.1646
27/08/2019,3.1548
28/08/2019,3.1518
29/08/2019,3.1589
30/08/2019,3.1562
02/09/2019,3.183
03/09/2019,3.1705
04/09/2019,3.1495
05/09/2019,3.1688
06/09/2019,3.169
09/09/2019,3.1563
10/09/2019,3.1439
11/09/2019,3.1752
12/09/2019,3.1561
13/09/2019,3.1635
16/09/2019,3.1352
17/09/2019,3.1542
18/09/2019,3.1504
19/09/2019,3.15
20/09/2019,3.1067
23/09/2019,3.1458
24/09/2019,3.1468
25/09/2019,3.1419
26/09/2019,3.1401
27/09/2019,3.1421
30/09/2019,3.1381
01/10/2019,3.1246
02/10/2019,3.1279
03/10/2019,3.1332
04/10/2019,3.131
07/10/2019,3.1298
08/10/2019,3.1318
09/10/2019,3.1336
10/10/2019,3.1469
11/10/2019,3.1283
14/10/2019,3.1391
15/10/2019,3.1362
16/10/2019,3.1497
17/10/2019,3.1578
18/10/2019,3.156
21/10/2019,3.1511
22/10/2019,3.1557
23/10/2019,3.1559
24/10/2019,3.151
25/10/2019,3.1481
28/10/2019,3.1425
29/10/2019,3.1518
30/10/2019,3.1509
31/10/2019,3.1474
01/11/2019,3.1584
04/11/2019,3.1394
05/11/2019,3.1474
06/11/2019,3.1457
07/11/2019,3.1308
08/11/2019,3.1454
11/11/2019,3.1469
12/11/2019,3.1439
13/11/2019,3.1343
14/11/2019,3.1329
15/11/2019,3.1365
18/11/2019,3.1584
19/11/2019,3.14
20/11/2019,3.1401
21/11/2019,3.1356
22/11/2019,3.1335
25/11/2019,3.1344
26/11/2019,3.1323
27/11/2019,3.128
28/11/2019,3.1346
29/11/2019,3.1312
02/12/2019,3.1553
03/12/2019,3.1481
04/12/2019,3.1522
05/12/2019,3.1512
06/12/2019,3.1452
09/12/2019,3.1451
10/12/2019,3.1489
11/12/2019,3.1687
12/12/2019,3.1697
13/12/2019,3.1503
16/12/2019,3.1676
17/12/2019,3.17
18/12/2019,3.1511
19/12/2019,3.1671
20/12/2019,3.1474
23/12/2019,3.1548
24/12/2019,3.142
25/12/2019,3.1697
26/12/2019,3.1703
27/12/2019,3.1796
30/12/2019,3.124
31/12/2019,3.1758
01/01/2020,3.1113
02/01/2020,3.1102
03/01/2020,3.1017
06/01/2020,3.1185
07/01/2020,3.1248
08/01/2020,3.121
09/01/2020,3.1157
10/01/2020,3.1174
13/01/2020,3.136
14/01/2020,3.1268
15/01/2020,3.1504
16/01/2020,3.1346
17/01/2020,3.1216
20/01/2020,3.1162
21/01/2020,3.1249
22/01/2020,3.1278
23/01/2020,3.1231
24/01/2020,3.1101
27/01/2020,3.1237
28/01/2020,3.1077
29/01/2020,3.1148
30/01/2020,3.117
31/01/2020,3.1291
03/02/2020,3.1357
04/02/2020,3.1036
05/02/2020,3.1046
06/02/2020,3.1029
07/02/2020,3.0974
10/02/2020,3.0931
11/02/2020,3.106
12/02/2020,3.0975
13/02/2020,3.0905
14/02/2020,3.0952
17/02/2020,3.0833
18/02/2020,3.0769
19/02/2020,3.098
20/02/2020,3.0868
21/02/2020,3.0973
24/02/2020,3.0865
25/02/2020,3.1219
26/02/2020,3.121
27/02/2020,3.1389
28/02/2020,3.1394
02/03/2020,3.1652
03/03/2020,3.1586
04/03/2020,3.1546
05/03/2020,3.169
06/03/2020,3.1819
09/03/2020,3.193
10/03/2020,3.1722
11/03/2020,3.1711
12/03/2020,3.1609
13/03/2020,3.1518
16/03/2020,3.1616
17/03/2020,3.138
18/03/2020,3.1419
19/03/2020,3.0998
20/03/2020,3.1242
23/03/2020,3.0967
24/03/2020,3.1088
25/03/2020,3.1701
26/03/2020,3.1849
27/03/2020,3.2092
30/03/2020,3.1695
31/03/2020,3.1745
01/04/2020,3.1608
02/04/2020,3.1424
03/04/2020,3.1346
06/04/2020,3.1413
07/04/2020,3.1681
08/04/2020,3.1502
09/04/2020,3.1791
10/04/2020,3.1631
13/04/2020,3.1647
14/04/2020,3.1819
15/04/2020,3.1576
16/04/2020,3.1503
17/04/2020,3.1552
20/04/2020,3.1522
21/04/2020,3.1524
22/04/2020,3.1473
23/04/2020,3.1389
24/04/2020,3.1506
27/04/2020,3.1445
28/04/2020,3.1413
29/04/2020,3.1601
30/04/2020,3.1622
01/05/2020,3.1723
04/05/2020,3.1546
05/05/2020,3.1441
06/05/2020,3.139
07/05/2020,3.1465
08/05/2020,3.1457
11/05/2020,3.1418
12/05/2020,3.1576
13/05/2020,3.1484
14/05/2020,3.1495
15/05/2020,3.1493
18/05/2020,3.161
19/05/2020,3.1587
20/05/2020,3.1684
21/05/2020,3.1659
22/05/2020,3.1664
25/05/2020,3.1511
26/05/2020,3.1664
27/05/2020,3.1715
28/05/2020,3.1918
29/05/2020,3.1864
01/06/2020,3.1903
02/06/2020,3.1907
03/06/2020,3.2035
04/06/2020,3.2036
05/06/2020,3.2059
08/06/2020,3.2094
09/06/2020,3.2184
10/06/2020,3.2226
11/06/2020,3.2125
12/06/2020,3.1996
15/06/2020,3.2065
16/06/2020,3.2113
17/06/2020,3.2098
18/06/2020,3.1962
19/06/2020,3.1941
22/06/2020,3.222
23/06/2020,3.2156
24/06/2020,3.2059
25/06/2020,3.2141
26/06/2020,3.1961
29/06/2020,3.2115
30/06/2020,3.2086
01/07/2020,3.2126
02/07/2020,3.2078
03/07/2020,3.215
06/07/2020,3.2155
07/07/2020,3.2083
08/07/2020,3.2217
09/07/2020,3.2069
10/07/2020,3.2113
13/07/2020,3.22
14/07/2020,3.2225
15/07/2020,3.2255
16/07/2020,3.214
17/07/2020,3.2284
20/07/2020,3.2213
21/07/2020,3.2313
22/07/2020,3.2338
23/07/2020,3.2219
24/07/2020,3.2288
27/07/2020,3.2289
28/07/2020,3.2427
29/07/2020,3.2357
30/07/2020,3.2278
31/07/2020,3.2337
03/08/2020,3.2273
04/08/2020,3.2334
05/08/2020,3.2297
06/08/2020,3.2254
07/08/2020,3.2231
10/08/2020,3.2293
11/08/2020,3.2206
12/08/2020,3.2291
13/08/2020,3.2375
14/08/2020,3.2454
17/08/2020,3.2533
18/08/2020,3.2541
19/08/2020,3.2308
20/08/2020,3.2336
21/08/2020,3.2291
24/08/2020,3.2356
25/08/2020,3.2434
26/08/2020,3.2387
27/08/2020,3.242
28/08/2020,3.2562
31/08/2020,3.2527
01/09/2020,3.2461
02/09/2020,3.2339
03/09/2020,3.2408
04/09/2020,3.2469
07/09/2020,3.241
08/09/2020,3.2371
09/09/2020,3.2453
10/09/2020,3.2383
11/09/2020,3.2443
14/09/2020,3.2488
15/09/2020,3.2534
16/09/2020,3.2447
17/09/2020,3.2524
18/09/2020,3.2463
21/09/2020,3.2439
22/09/2020,3.2368
23/09/2020,3.2305
24/09/2020,3.2411
25/09/2020,3.2352
28/09/2020,3.2379
29/09/2020,3.2444
30/09/2020,3.2407
01/10/2020,3.2456
02/10/2020,3.2415
05/10/2020,3.2464
06/10/2020,3.2359
07/10/2020,3.2498
08/10/2020,3.2418
09/10/2020,3.2528
12/10/2020,3.2502
13/10/2020,3.2435
14/10/2020,3.2436
15/10/2020,3.226
16/10/2020,3.2291
19/10/2020,3.2401
20/10/2020,3.2526
21/10/2020,3.2556
22/10/2020,3.2488
23/10/2020,3.255
26/10/2020,3.249
27/10/2020,3.2451
28/10/2020,3.2446
29/10/2020,3.2375
30/10/2020,3.2285
02/11/2020,3.2291
03/11/2020,3.2374
04/11/2020,3.2378
05/11/2020,3.2481
06/11/2020,3.2528
09/11/2020,3.2469
10/11/2020,3.2499
11/11/2020,3.2397
12/11/2020,3.2458
13/11/2020,3.2499
16/11/2020,3.2543
17/11/2020,3.2479
18/11/2020,3.2493
19/11/2020,3.2537
20/11/2020,3.248
23/11/2020,3.2435
24/11/2020,3.2554
25/11/2020,3.2523
26/11/2020,3.2567
27/11/2020,3.2702
30/11/2020,3.2567
01/12/2020,3.2835
02/12/2020,3.2821
03/12/2020,3.2965
04/12/2020,3.28
07/12/2020,3.2791
08/12/2020,3.2805
09/12/2020,3.276
10/12/2020,3.2894
11/12/2020,3.2852
14/12/2020,3.2834
15/12/2020,3.288
16/12/2020,3.2857
17/12/2020,3.297
18/12/2020,3.2979
21/12/2020,3.2988
22/12/2020,3.2864
23/12/2020,3.2908
24/12/2020,3.2899
25/12/2020,3.2845
28/12/2020,3.2914
29/12/2020,3.2946
30/12/2020,3.3027
31/12/2020,3.2879
01/01/2021,3.2831
04/01/2021,3.294
05/01/2021,3.3023
06/01/2021,3.3015
07/01/2021,3.2948
08/01/2021,3.2906
11/01/2021,3.2827
12/01/2021,3.2911
13/01/2021,3.2842
14/01/2021,3.287
15/01/2021,3.2777
18/01/2021,3.2739
19/01/2021,3.2765
20/01/2021,3.272
21/01/2021,3.2772
22/01/2021,3.2805
25/01/2021,3.2762
26/01/2021,3.2785
27/01/2021,3.2685
28/01/2021,3.2735
29/01/2021,3.2786
01/02/2021,3.2645
02/02/2021,3.2732
03/02/2021,3.2716
04/02/2021,3.2701
05/02/2021,3.2724
08/02/2021,3.2697
09/02/2021,3.2758
10/02/2021,3.2792
11/02/2021,3.2722
12/02/2021,3.2799
15/02/2021,3.2791
16/02/2021,3.2811
17/02/2021,3.2606
18/02/2021,3.2839
19/02/2021,3.2825
22/02/2021,3.2868
23/02/2021,3.2835
24/02/2021,3.2927
25/02/2021,3.2914
26/02/2021,3.2787
01/03/2021,3.2981
02/03/2021,3.2909
03/03/2021,3.2901
04/03/2021,3.2911
05/03/2021,3.2666
08/03/2021,3.2644
09/03/2021,3.2712
10/03/2021,3.2867
11/03/2021,3.2881
12/03/2021,3.2857
15/03/2021,3.2811
16/03/2021,3.2753
17/03/2021,3.2813
18/03/2021,3.2794
19/03/2021,3.2752
22/03/2021,3.2794
23/03/2021,3.275
24/03/2021,3.2691
25/03/2021,3.2665
26/03/2021,3.2642
29/03/2021,3.2742
30/03/2021,3.2747
31/03/2021,3.2826
01/04/2021,3.2785
02/04/2021,3.2802
05/04/2021,3.2888
06/04/2021,3.2998
07/04/2021,3.2981
08/04/2021,3.293
09/04/2021,3.3078
12/04/2021,3.2921
13/04/2021,3.2878
14/04/2021,3.2997
15/04/2021,3.309
16/04/2021,3.3067
19/04/2021,3.3094
20/04/2021,3.3044
21/04/2021,3.3145
22/04/2021,3.311
23/04/2021,3.3111
26/04/2021,3.316
27/04/2021,3.3192
28/04/2021,3.3241
29/04/2021,3.3129
30/04/2021,3.3003
03/05/2021,3.3144
04/05/2021,3.3114
05/05/2021,3.3028
06/05/2021,3.3136
07/05/2021,3.3222
10/05/2021,3.3194
11/05/2021,3.3197
12/05/2021,3.3123
13/05/2021,3.3096
14/05/2021,3.3144
17/05/2021,3.3259
18/05/2021,3.3334
19/05/2021,3.3192
20/05/2021,3.3356
21/05/2021,3.3141
24/05/2021,3.3319
25/05/2021,3.3335
26/05/2021,3.326
27/05/2021,3.3219
28/05/2021,3.3248
31/05/2021,3.3294
01/06/2021,3.3355
02/06/2021,3.339
03/06/2021,3.3249
04/06/2021,3.3206
07/06/2021,3.3367
08/06/2021,3.3353
09/06/2021,3.335
10/06/2021,3.3309
11/06/2021,3.3251
14/06/2021,3.3383
15/06/2021,3.3314
16/06/2021,3.3102
17/06/2021,3.3269
18/06/2021,3.3134
21/06/2021,3.3249
22/06/2021,3.3076
23/06/2021,3.3082
24/06/2021,3.3016
25/06/2021,3.3026
28/06/2021,3.3018
29/06/2021,3.3016
30/06/2021,3.2942
01/07/2021,3.2963
02/07/2021,3.2926
05/07/2021,3.3124
06/07/2021,3.3088
07/07/2021,3.3069
08/07/2021,3.31
09/07/2021,3.2951
12/07/2021,3.3047
13/07/2021,3.2947
14/07/2021,3.3021
15/07/2021,3.2994
16/07/2021,3.2871
19/07/2021,3.3062
20/07/2021,3.3053
21/07/2021,3.3084
22/07/2021,3.2998
23/07/2021,3.2977
26/07/2021,3.3091
27/07/2021,3.3063
28/07/2021,3.3033
29/07/2021,3.3113
30/07/2021,3.3009
02/08/2021,3.3049
03/08/2021,3.2972
04/08/2021,3.2937
05/08/2021,3.2937
06/08/2021,3.2803
09/08/2021,3.2788
10/08/2021,3.2793
11/08/2021,3.2812
12/08/2021,3.2766
13/08/2021,3.2881
16/08/2021,3.282
17/08/2021,3.2738
18/08/2021,3.2713
19/08/2021,3.2707
20/08/2021,3.2813
23/08/2021,3.2921
24/08/2021,3.2917
25/08/2021,3.2884
26/08/2021,3.2831
27/08/2021,3.2905
30/08/2021,3.2905
31/08/2021,3.2879
01/09/2021,3.2981
02/09/2021,3.3016
03/09/2021,3.3041
06/09/2021,3.3083
07/09/2021,3.2976
08/09/2021,3.2971
09/09/2021,3.2954
10/09/2021,3.2963
13/09/2021,3.2933
14/09/2021,3.2952
15/09/2021,3.2911
16/09/2021,3.2871
17/09/2021,3.2843
20/09/2021,3.2863
21/09/2021,3.2808
22/09/2021,3.2744
23/09/2021,3.2828
24/09/2021,3.2799
27/09/2021,3.2772
28/09/2021,3.2792
29/09/2021,3.2753
30/09/2021,3.2702
01/10/2021,3.2699
04/10/2021,3.2739
05/10/2021,3.2742
06/10/2021,3.2707
07/10/2021,3.2727
08/10/2021,3.2702
11/10/2021,3.272
12/10/2021,3.27
13/10/2021,3.2765
14/10/2021,3.2747
15/10/2021,3.2711
18/10/2021,3.2875
19/10/2021,3.281
20/10/2021,3.2752
21/10/2021,3.2707
22/10/2021,3.2795
25/10/2021,3.2852
26/10/2021,3.2753
27/10/2021,3.2749
28/10/2021,3.2868
29/10/2021,3.2658
01/11/2021,3.2846
02/11/2021,3.2829
03/11/2021,3.2848
04/11/2021,3.272
05/11/2021,3.2771
08/11/2021,3.2828
09/11/2021,3.2744
10/11/2021,3.263
11/11/2021,3.2661
12/11/2021,3.2535
15/11/2021,3.2409
16/11/2021,3.259
17/11/2021,3.2575
18/11/2021,3.2539
19/11/2021,3.2396
22/11/2021,3.2464
23/11/2021,3.2521
24/11/2021,3.2456
25/11/2021,3.2564
26/11/2021,3.2646
29/11/2021,3.2728
30/11/2021,3.2808
01/12/2021,3.2567
02/12/2021,3.2708
03/12/2021,3.2576
06/12/2021,3.2695
07/12/2021,3.2859
08/12/2021,3.3053
09/12/2021,3.2892
10/12/2021,3.2555
13/12/2021,3.2737
14/12/2021,3.2703
15/12/2021,3.2724
16/12/2021,3.2717
17/12/2021,3.2284
20/12/2021,3.2776
21/12/2021,3.2736
22/12/2021,3.2818
23/12/2021,3.2668
24/12/2021,3.2531
27/12/2021,3.2566
28/12/2021,3.252
29/12/2021,3.2773
30/12/2021,3.2658
31/12/2021,3.2673
03/01/2022,3.2625
04/01/2022,3.261
05/01/2022,3.2624
06/01/2022,3.261
07/01/2022,3.265
10/01/2022,3.2776
11/01/2022,3.2825
12/01/2022,3.291
13/01/2022,3.28
14/01/2022,3.2845
17/01/2022,3.2827
18/01/2022,3.2657
19/01/2022,3.2827
20/01/2022,3.2806
21/01/2022,3.2629
24/01/2022,3.2763
25/01/2022,3.2722
26/01/2022,3.2561
27/01/2022,3.2487
28/01/2022,3.2417
31/01/2022,3.2554
01/02/2022,3.2581
02/02/2022,3.2587
03/02/2022,3.2758
04/02/2022,3.2784
07/02/2022,3.2767
08/02/2022,3.2752
09/02/2022,3.2703
10/02/2022,3.2714
11/02/2022,3.2676
14/02/2022,3.2566
15/02/2022,3.2735
16/02/2022,3.2622
17/02/2022,3.2608
18/02/2022,3.2627
21/02/2022,3.2597
22/02/2022,3.26
23/02/2022,3.2615
24/02/2022,3.2519
25/02/2022,3.2676
28/02/2022,3.2601
01/03/2022,3.2485
02/03/2022,3.2481
03/03/2022,3.2433
04/03/2022,3.2273
07/03/2022,3.2212
08/03/2022,3.2244
09/03/2022,3.2501
10/03/2022,3.241
11/03/2022,3.2233
14/03/2022,3.245
15/03/2022,3.2574
16/03/2022,3.2635
17/03/2022,3.2607
18/03/2022,3.2584
21/03/2022,3.2592
22/03/2022,3.2554
23/03/2022,3.2601
24/03/2022,3.2718
25/03/2022,3.2518
28/03/2022,3.2745
29/03/2022,3.2825
30/03/2022,3.2953
31/03/2022,3.2768
01/04/2022,3.2701
04/04/2022,3.277
05/04/2022,3.2537
06/04/2022,3.2632
07/04/2022,3.2488
08/04/2022,3.2641
11/04/2022,3.2612
12/04/2022,3.2583
13/04/2022,3.2565
14/04/2022,3.2765
15/04/2022,3.2532
18/04/2022,3.2652
19/04/2022,3.2698
20/04/2022,3.286
21/04/2022,3.2735
22/04/2022,3.2664
25/04/2022,3.2566
26/04/2022,3.2515
27/04/2022,3.2534
28/04/2022,3.2403
29/04/2022,3.2507
02/05/2022,3.269
03/05/2022,3.2703
04/05/2022,3.2658
05/05/2022,3.2449
06/05/2022,3.2643
09/05/2022,3.2701
10/05/2022,3.2658
11/05/2022,3.2498
12/05/2022,3.2433
13/05/2022,3.2427
16/05/2022,3.2472
17/05/2022,3.2564
18/05/2022,3.2465
19/05/2022,3.2649
20/05/2022,3.27
23/05/2022,3.275
24/05/2022,3.2777
25/05/2022,3.2698
26/05/2022,3.2765
27/05/2022,3.2662
30/05/2022,3.2827
31/05/2022,3.2633
01/06/2022,3.2681
02/06/2022,3.2736
03/06/2022,3.2745
06/06/2022,3.2615
07/06/2022,3.2647
08/06/2022,3.2972
09/06/2022,3.263
10/06/2022,3.2369
13/06/2022,3.2432
14/06/2022,3.247
15/06/2022,3.2468
16/06/2022,3.2601
17/06/2022,3.2647
20/06/2022,3.2593
21/06/2022,3.2673
22/06/2022,3.2639
23/06/2022,3.267
24/06/2022,3.2725
27/06/2022,3.2477
28/06/2022,3.2528
29/06/2022,3.2457
30/06/2022,3.246
01/07/2022,3.2364
04/07/2022,3.2434
05/07/2022,3.2169
06/07/2022,3.2022
07/07/2022,3.2078
08/07/2022,3.2111
11/07/2022,3.1881
12/07/2022,3.1887
13/07/2022,3.1974
14/07/2022,3.1804
15/07/2022,3.2067
18/07/2022,3.229
19/07/2022,3.2096
20/07/2022,3.2337
21/07/2022,3.2232
22/07/2022,3.2203
25/07/2022,3.2295
26/07/2022,3.21
27/07/2022,3.2272
28/07/2022,3.2228
29/07/2022,3.21
01/08/2022,3.2108
02/08/2022,3.1946
03/08/2022,3.2118
04/08/2022,3.2194
05/08/2022,3.2152
08/08/2022,3.2088
09/08/2022,3.2155
10/08/2022,3.2175
11/08/2022,3.2207
12/08/2022,3.2078
15/08/2022,3.1995
16/08/2022,3.2116
17/08/2022,3.206
18/08/2022,3.1943
19/08/2022,3.1978
22/08/2022,3.1792
23/08/2022,3.1935
24/08/2022,3.1918
25/08/2022,3.1908
26/08/2022,3.1885
29/08/2022,3.2008
30/08/2022,3.2057
31/08/2022,3.2112
01/09/2022,3.1995
02/09/2022,3.2012
05/09/2022,3.1982
06/09/2022,3.2047
07/09/2022,3.2201
08/09/2022,3.219
09/09/2022,3.2178
12/09/2022,3.2227
13/09/2022,3.2014
14/09/2022,3.2166
15/09/2022,3.2105
16/09/2022,3.2149
19/09/2022,3.2153
20/09/2022,3.2077
21/09/2022,3.1821
22/09/2022,3.2024
23/09/2022,3.1807
26/09/2022,3.1698
27/09/2022,3.1712
28/09/2022,3.1857
29/09/2022,3.1961
30/09/2022,3.2032
03/10/2022,3.2004
04/10/2022,3.2187
05/10/2022,3.2002
06/10/2022,3.1972
07/10/2022,3.1853
10/10/2022,3.1936
11/10/2022,3.1937
12/10/2022,3.1975
13/10/2022,3.2063
14/10/2022,3.2033
17/10/2022,3.2263
18/10/2022,3.2269
19/10/2022,3.2097
20/10/2022,3.2182
21/10/2022,3.2325
24/10/2022,3.2204
25/10/2022,3.2281
26/10/2022,3.2554
27/10/2022,3.2382
28/10/2022,3.225
31/10/2022,3.2087
01/11/2022,3.2051
02/11/2022,3.2268
03/11/2022,3.2008
04/11/2022,3.2325
07/11/2022,3.2473
08/11/2022,3.242
09/11/2022,3.2314
10/11/2022,3.257
11/11/2022,3.2991
14/11/2022,3.3187
15/11/2022,3.3092
16/11/2022,3.2971
17/11/2022,3.3001
18/11/2022,3.2689
21/11/2022,3.309
22/11/2022,3.3386
23/11/2022,3.3597
24/11/2022,3.3583
25/11/2022,3.3722
28/11/2022,3.3383
29/11/2022,3.3391
30/11/2022,3.359
01/12/2022,3.3883
02/12/2022,3.3755
05/12/2022,3.3407
06/12/2022,3.3573
07/12/2022,3.3595
08/12/2022,3.3922
09/12/2022,3.3809
12/12/2022,3.3839
13/12/2022,3.3658
14/12/2022,3.3541
15/12/2022,3.3419
16/12/2022,3.3156
19/12/2022,3.3167
20/12/2022,3.3222
21/12/2022,3.3221
22/12/2022,3.3224
23/12/2022,3.3186
26/12/2022,3.3279
27/12/2022,3.3158
28/12/2022,3.3149
29/12/2022,3.3298
30/12/2022,3.3342
02/01/2023,3.3262
03/01/2023,3.302
04/01/2023,3.3144
05/01/2023,3.2996
06/01/2023,3.3266
09/01/2023,3.3556
10/01/2023,3.3236
11/01/2023,3.3259
12/01/2023,3.3361
13/01/2023,3.3361
16/01/2023,3.3222
17/01/2023,3.3203
18/01/2023,3.3296
19/01/2023,3.3383
20/01/2023,3.3377
23/01/2023,3.3552
24/01/2023,3.3545
25/01/2023,3.3518
26/01/2023,3.3417
27/01/2023,3.3373
30/01/2023,3.3174
31/01/2023,3.317
01/02/2023,3.3294
02/02/2023,3.3176
03/02/2023,3.3036
06/02/2023,3.3183
07/02/2023,3.3232
08/02/2023,3.32
09/02/2023,3.3403
10/02/2023,3.3309
13/02/2023,3.3454
14/02/2023,3.3457
15/02/2023,3.3293
16/02/2023,3.3147
17/02/2023,3.3166
20/02/2023,3.3505
21/02/2023,3.3481
22/02/2023,3.3156
23/02/2023,3.3051
24/02/2023,3.2878
27/02/2023,3.3331
28/02/2023,3.3344
01/03/2023,3.35
02/03/2023,3.3281
03/03/2023,3.3323
06/03/2023,3.339
07/03/2023,3.3136
08/03/2023,3.3303
09/03/2023,3.3248
10/03/2023,3.3254
13/03/2023,3.3355
14/03/2023,3.3426
15/03/2023,3.3179
16/03/2023,3.3189
17/03/2023,3.3206
20/03/2023,3.3328
21/03/2023,3.3262
22/03/2023,3.3387
23/03/2023,3.323
24/03/2023,3.3361
27/03/2023,3.3373
28/03/2023,3.3505
29/03/2023,3.3224
30/03/2023,3.3292
31/03/2023,3.3186
03/04/2023,3.3351
04/04/2023,3.337
05/04/2023,3.3339
06/04/2023,3.3307
07/04/2023,3.3358
10/04/2023,3.3268
11/04/2023,3.3323
12/04/2023,3.3445
13/04/2023,3.3486
14/04/2023,3.3433
17/04/2023,3.376
18/04/2023,3.3894
19/04/2023,3.3943
20/04/2023,3.3908
21/04/2023,3.3936
24/04/2023,3.3549
25/04/2023,3.343
26/04/2023,3.3566
27/04/2023,3.3544
28/04/2023,3.3464
01/05/2023,3.3418
02/05/2023,3.352
03/05/2023,3.3601
04/05/2023,3.3479
05/05/2023,3.3488
08/05/2023,3.3435
09/05/2023,3.344
10/05/2023,3.3441
11/05/2023,3.3317
12/05/2023,3.3043
15/05/2023,3.332
16/05/2023,3.3307
17/05/2023,3.3371
18/05/2023,3.3306
19/05/2023,3.3383
22/05/2023,3.3408
23/05/2023,3.3331
24/05/2023,3.322
25/05/2023,3.3236
26/05/2023,3.3238
29/05/2023,3.3212
30/05/2023,3.3266
31/05/2023,3.3303
01/06/2023,3.3318
02/06/2023,3.3217
05/06/2023,3.3283
06/06/2023,3.3348
07/06/2023,3.3321
08/06/2023,3.3458
09/06/2023,3.3395
12/06/2023,3.3407
13/06/2023,3.3423
14/06/2023,3.3466
15/06/2023,3.3681
16/06/2023,3.3676
19/06/2023,3.3694
20/06/2023,3.3699
21/06/2023,3.3805
22/06/2023,3.3791
23/06/2023,3.372
26/06/2023,3.3696
27/06/2023,3.3863
28/06/2023,3.3727
29/06/2023,3.3613
30/06/2023,3.3738
03/07/2023,3.3766
04/07/2023,3.3675
05/07/2023,3.356
06/07/2023,3.3745
07/07/2023,3.3839
10/07/2023,3.3938
11/07/2023,3.385
12/07/2023,3.4107
13/07/2023,3.4061
14/07/2023,3.4052
17/07/2023,3.4059
18/07/2023,3.4049
19/07/2023,3.4005
20/07/2023,3.3894
21/07/2023,3.4004
24/07/2023,3.3689
25/07/2023,3.3725
26/07/2023,3.4059
27/07/2023,3.357
28/07/2023,3.3822
31/07/2023,3.378
01/08/2023,3.3888
02/08/2023,3.3638
03/08/2023,3.3686
04/08/2023,3.3695
07/08/2023,3.3975
08/08/2023,3.3619
09/08/2023,3.3779
10/08/2023,3.3772
11/08/2023,3.3645
14/08/2023,3.3617
15/08/2023,3.3639
16/08/2023,3.356
17/08/2023,3.3541
18/08/2023,3.3562
21/08/2023,3.3816
22/08/2023,3.3538
23/08/2023,3.356
24/08/2023,3.3423
25/08/2023,3.3376
28/08/2023,3.3451
29/08/2023,3.3733
30/08/2023,3.377
31/08/2023,3.3524
01/09/2023,3.3341
04/09/2023,3.3389
05/09/2023,3.3563
06/09/2023,3.3545
07/09/2023,3.3541
08/09/2023,3.352
11/09/2023,3.3601
12/09/2023,3.364
13/09/2023,3.3617
14/09/2023,3.3528
15/09/2023,3.3592
18/09/2023,3.3642
19/09/2023,3.3668
20/09/2023,3.3477
21/09/2023,3.3612
22/09/2023,3.359
25/09/2023,3.3563
26/09/2023,3.3554
27/09/2023,3.3441
28/09/2023,3.3535
29/09/2023,3.3517
02/10/2023,3.3398
03/10/2023,3.341
04/10/2023,3.3488
05/10/2023,3.3529
06/10/2023,3.361
09/10/2023,3.3537
10/10/2023,3.3565
11/10/2023,3.3577
12/10/2023,3.3508
13/10/2023,3.3463
16/10/2023,3.3528
17/10/2023,3.3572
18/10/2023,3.3491
19/10/2023,3.3531
20/10/2023,3.3576
23/10/2023,3.3737
24/10/2023,3.354
25/10/2023,3.3502
26/10/2023,3.3548
27/10/2023,3.348
30/10/2023,3.3646
31/10/2023,3.3606
01/11/2023,3.3614
02/11/2023,3.3668
03/11/2023,3.3757
06/11/2023,3.372
07/11/2023,3.375
08/11/2023,3.3786
09/11/2023,3.3691
10/11/2023,3.3746
13/11/2023,3.375
14/11/2023,3.3911
15/11/2023,3.3884
16/11/2023,3.3872
17/11/2023,3.4036
20/11/2023,3.4012
21/11/2023,3.3925
22/11/2023,3.3893
23/11/2023,3.3953
24/11/2023,3.3965
27/11/2023,3.3988
28/11/2023,3.4007
29/11/2023,3.3966
30/11/2023,3.3889
01/12/2023,3.3864
04/12/2023,3.3797
05/12/2023,3.3755
06/12/2023,3.3712
07/12/2023,3.371
08/12/2023,3.3692
11/12/2023,3.3716
12/12/2023,3.3782
13/12/2023,3.3764
14/12/2023,3.383
15/12/2023,3.3646
18/12/2023,3.381
19/12/2023,3.3972
20/12/2023,3.3837
21/12/2023,3.3941
22/12/2023,3.3932
25/12/2023,3.3925
26/12/2023,3.3963
27/12/2023,3.4046
28/12/2023,3.3927
29/12/2023,3.3897
01/01/2024,3.3905
02/01/2024,3.3848
03/01/2024,3.3827
04/01/2024,3.3882
05/01/2024,3.3892
08/01/2024,3.3886
09/01/2024,3.3842
10/01/2024,3.3949
11/01/2024,3.3946
12/01/2024,3.3881
15/01/2024,3.3895
16/01/2024,3.3807
17/01/2024,3.3856
18/01/2024,3.3857
19/01/2024,3.3888
22/01/2024,3.3837
23/01/2024,3.3795
24/01/2024,3.3852
25/01/2024,3.3762
26/01/2024,3.3794
29/01/2024,3.3779
30/01/2024,3.3802
31/01/2024,3.374
01/02/2024,3.3857
02/02/2024,3.3728
05/02/2024,3.3667
06/02/2024,3.3673
07/02/2024,3.3694
08/02/2024,3.3733
09/02/2024,3.3727
12/02/2024,3.3708
13/02/2024,3.3647
14/02/2024,3.3681
15/02/2024,3.3749
16/02/2024,3.3761
19/02/2024,3.3758
20/02/2024,3.3772
21/02/2024,3.3802
22/02/2024,3.3785
23/02/2024,3.3769
26/02/2024,3.3831
27/02/2024,3.3803
28/02/2024,3.3815
29/02/2024,3.3719
01/03/2024,3.3806
04/03/2024,3.3814
05/03/2024,3.3805
06/03/2024,3.3885
07/03/2024,3.3959
08/03/2024,3.3854
11/03/2024,3.383
12/03/2024,3.3828
13/03/2024,3.3881
14/03/2024,3.3706
15/03/2024,3.3769
18/03/2024,3.3726
19/03/2024,3.3749
20/03/2024,3.3889
21/03/2024,3.3684
22/03/2024,3.3609
25/03/2024,3.3782
26/03/2024,3.3765
27/03/2024,3.3802
28/03/2024,3.3722
29/03/2024,3.3741
01/04/2024,3.3616
02/04/2024,3.3706
03/04/2024,3.3815
04/04/2024,3.3775
05/04/2024,3.3778
08/04/2024,3.3828
09/04/2024,3.3816
10/04/2024,3.3474
11/04/2024,3.3439
12/04/2024,3.3534
15/04/2024,3.3543
16/04/2024,3.3574
17/04/2024,3.3671
18/04/2024,3.3544
19/04/2024,3.3615
22/04/2024,3.3619
23/04/2024,3.3689
24/04/2024,3.3681
25/04/2024,3.3734
26/04/2024,3.364
29/04/2024,3.3705
30/04/2024,3.3571
01/05/2024,3.3684
02/05/2024,3.3702
03/05/2024,3.3713
06/05/2024,3.371
07/05/2024,3.3684
08/05/2024,3.3708
09/05/2024,3.3772
10/05/2024,3.374
13/05/2024,3.3751
14/05/2024,3.379
15/05/2024,3.3956
16/05/2024,3.3818
17/05/2024,3.3852
20/05/2024,3.3813
21/05/2024,3.3816
22/05/2024,3.3778
23/05/2024,3.3766
24/05/2024,3.3845
27/05/2024,3.3825
28/05/2024,3.3794
29/05/2024,3.3696
30/05/2024,3.3816
31/05/2024,3.3802
03/06/2024,3.3865
04/06/2024,3.3823
05/06/2024,3.3807
06/06/2024,3.3829
07/06/2024,3.3724
10/06/2024,3.3698
11/06/2024,3.3654
12/06/2024,3.3737
13/06/2024,3.3554
14/06/2024,3.3619
17/06/2024,3.3663
18/06/2024,3.3622
19/06/2024,3.363
20/06/2024,3.365
21/06/2024,3.355
24/06/2024,3.3677
25/06/2024,3.3663
26/06/2024,3.3653
27/06/2024,3.3619
28/06/2024,3.3679
01/07/2024,3.3738
02/07/2024,3.375
03/07/2024,3.3779
04/07/2024,3.378
05/07/2024,3.3857
08/07/2024,3.3795
09/07/2024,3.3738
10/07/2024,3.3782
11/07/2024,3.3902
12/07/2024,3.3853
15/07/2024,3.3835
16/07/2024,3.3834
17/07/2024,3.3881
18/07/2024,3.3769
19/07/2024,3.377
22/07/2024,3.3783
23/07/2024,3.3715
24/07/2024,3.3673
25/07/2024,3.3674
26/07/2024,3.3702
29/07/2024,3.3615
30/07/2024,3.3573
31/07/2024,3.3599
01/08/2024,3.3535
02/08/2024,3.3849
05/08/2024,3.3697
06/08/2024,3.3757
07/08/2024,3.3713
08/08/2024,3.3706
09/08/2024,3.3747
12/08/2024,3.3695
13/08/2024,3.3933
14/08/2024,3.3792
15/08/2024,3.3689
16/08/2024,3.3819
19/08/2024,3.3976
20/08/2024,3.3921
21/08/2024,3.3937
22/08/2024,3.3861
23/08/2024,3.3996
26/08/2024,3.3928
27/08/2024,3.398
28/08/2024,3.3842
29/08/2024,3.3775
30/08/2024,3.3744
02/09/2024,3.3806
03/09/2024,3.3681
04/09/2024,3.3801
05/09/2024,3.3822
06/09/2024,3.3746
09/09/2024,3.3646
10/09/2024,3.3637
11/09/2024,3.366
12/09/2024,3.3765
13/09/2024,3.3719
16/09/2024,3.3766
17/09/2024,3.3763
18/09/2024,3.3767
19/09/2024,3.3835
20/09/2024,3.3872
23/09/2024,3.3746
24/09/2024,3.3858
25/09/2024,3.3741
26/09/2024,3.3892
27/09/2024,3.3849
30/09/2024,3.379
01/10/2024,3.37
02/10/2024,3.3643
03/10/2024,3.3705
04/10/2024,3.3644
07/10/2024,3.3688
08/10/2024,3.3661
09/10/2024,3.3546
10/10/2024,3.36
11/10/2024,3.359
14/10/2024,3.357
15/10/2024,3.3488
16/10/2024,3.3496
17/10/2024,3.3461
18/10/2024,3.3541
21/10/2024,3.3517
22/10/2024,3.3464
23/10/2024,3.3481
24/10/2024,3.3608
25/10/2024,3.3481
28/10/2024,3.3461
29/10/2024,3.3539
30/10/2024,3.3612
31/10/2024,3.3696
01/11/2024,3.3513
04/11/2024,3.3638
05/11/2024,3.3761
06/11/2024,3.3472
07/11/2024,3.3595
08/11/2024,3.3416
11/11/2024,3.3385
12/11/2024,3.34
13/11/2024,3.3258
14/11/2024,3.3204
15/11/2024,3.3286
18/11/2024,3.3377
19/11/2024,3.3391
20/11/2024,3.3241
21/11/2024,3.3144
22/11/2024,3.3067
25/11/2024,3.321
26/11/2024,3.3171
27/11/2024,3.3245
28/11/2024,3.3272
29/11/2024,3.3249
02/12/2024,3.3134
03/12/2024,3.3103
04/12/2024,3.3174
05/12/2024,3.3235
06/12/2024,3.3179
09/12/2024,3.3206
10/12/2024,3.3186
11/12/2024,3.3165
12/12/2024,3.3091
13/12/2024,3.328
16/12/2024,3.3308
17/12/2024,3.3252
18/12/2024,3.2949
19/12/2024,3.3059
20/12/2024,3.3225
23/12/2024,3.3144
24/12/2024,3.32
25/12/2024,3.3189
26/12/2024,3.3197
27/12/2024,3.3233
30/12/2024,3.316
31/12/2024,3.3016
01/01/2025,3.3027
02/01/2025,3.2911
03/01/2025,3.3085
06/01/2025,3.319
07/01/2025,3.303
08/01/2025,3.3114
09/01/2025,3.3065
10/01/2025,3.2999
13/01/2025,3.3053
14/01/2025,3.3203
15/01/2025,3.3019
16/01/2025,3.3072
17/01/2025,3.3011
20/01/2025,3.3263
21/01/2025,3.321
22/01/2025,3.3184
23/01/2025,3.3238
24/01/2025,3.338
27/01/2025,3.3271
28/01/2025,3.3229
29/01/2025,3.3214
30/01/2025,3.3108
31/01/2025,3.3079
03/02/2025,3.3223
04/02/2025,3.3188
05/02/2025,3.3113
06/02/2025,3.3183
07/02/2025,3.3019
10/02/2025,3.2995
11/02/2025,3.3066
12/02/2025,3.312
13/02/2025,3.3266
14/02/2025,3.3274
17/02/2025,3.3154
18/02/2025,3.3091
19/02/2025,3.3085
20/02/2025,3.3159
21/02/2025,3.3092
24/02/2025,3.3139
25/02/2025,3.321
26/02/2025,3.3137
27/02/2025,3.294
28/02/2025,3.2919
03/03/2025,3.3155
04/03/2025,3.3389
05/03/2025,3.3568
06/03/2025,3.3439
07/03/2025,3.3517
10/03/2025,3.3498
11/03/2025,3.3667
12/03/2025,3.3558
13/03/2025,3.3551
14/03/2025,3.3587
17/03/2025,3.3681
18/03/2025,3.3656
19/03/2025,3.3646
20/03/2025,3.3524
21/03/2025,3.3491
24/03/2025,3.3528
25/03/2025,3.3492
26/03/2025,3.3455
27/03/2025,3.3557
28/03/2025,3.3633
31/03/2025,3.3612
01/04/2025,3.351
02/04/2025,3.363
03/04/2025,3.3764
04/04/2025,3.3561
07/04/2025,3.3475
08/04/2025,3.3759
09/04/2025,3.3594
10/04/2025,3.3944
11/04/2025,3.3995
14/04/2025,3.3907
15/04/2025,3.3866
16/04/2025,3.4096
17/04/2025,3.3976
18/04/2025,3.4052
21/04/2025,3.4067
22/04/2025,3.3984
23/04/2025,3.3896
24/04/2025,3.3973
25/04/2025,3.4027
28/04/2025,3.4081
29/04/2025,3.3948
30/04/2025,3.3777
